,date,adj. close,close,vol
0,2021-04-15,340.4400,340.4400,14137406
1,2021-04-09,337.8600,337.8600,16978370
2,2021-04-01,331.4500,331.4500,19469474
3,2021-03-26,330.6100,330.6100,25489452
4,2021-03-19,326.0100,326.0100,23089323
5,2021-03-12,327.6352,328.3100,30535893
6,2021-03-05,314.5921,315.2400,29570718
7,2021-02-26,308.8140,309.4500,28128447
8,2021-02-19,314.2728,314.9200,8750123
9,2021-02-12,313.7933,315.0400,10592588
10,2021-02-05,310.3072,311.5400,12791044
11,2021-01-29,298.6236,299.8100,24867654
12,2021-01-22,308.7434,309.9700,9168300
13,2021-01-15,306.9007,308.1200,14187725
14,2021-01-08,309.6810,311.0400,23095066
15,2020-12-31,304.4539,305.7900,9551793
16,2020-12-24,300.7004,302.0200,13734372
17,2020-12-18,300.5809,301.9000,17296986
18,2020-12-11,299.0333,300.9300,12737178
19,2020-12-04,300.6828,302.5900,15333688
20,2020-11-27,297.3540,299.2400,10949074
21,2020-11-20,290.6862,292.5300,18589814
22,2020-11-13,292.6372,295.1500,25608556
23,2020-11-06,280.8088,283.2200,23566675
24,2020-10-30,262.8034,265.0600,24743922
25,2020-10-23,280.9278,283.3400,13568895
26,2020-10-16,283.5354,285.9700,12782855
27,2020-10-09,283.3800,285.9300,13346637
28,2020-10-02,274.3314,276.8000,16538399
29,2020-09-25,269.2769,271.7000,20721600
30,2020-09-18,274.0539,276.5200,13833794
31,2020-09-11,273.9582,277.0900,14512249
32,2020-09-04,278.5853,281.7700,23835080
33,2020-08-28,283.4596,286.7000,14764638
34,2020-08-21,276.1334,279.2900,12138824
35,2020-08-14,276.0411,279.8000,13426531
36,2020-08-07,270.9307,274.6200,10873429
37,2020-07-31,260.7987,264.3500,12917930
38,2020-07-24,261.1341,264.6900,14690278
39,2020-07-17,263.1566,266.7400,23409982
40,2020-07-10,257.1125,260.8200,15653110
41,2020-07-02,254.7466,258.4200,14753722
42,2020-06-26,246.8209,250.3800,21153809
43,2020-06-19,255.1212,258.8000,29230201
44,2020-06-12,252.3566,256.7400,39698862
45,2020-06-05,266.9039,271.5400,22020274
46,2020-05-29,249.9484,254.2900,20123930
47,2020-05-22,240.6991,244.8800,18700500
48,2020-05-15,232.8651,236.9100,28291999
49,2020-05-08,238.9942,243.6200,17258390
50,2020-05-01,232.7746,237.2800,22778815
51,2020-04-24,233.3142,237.8300,28067812
52,2020-04-17,237.8268,242.4300,30679886
53,2020-04-09,232.5124,237.1400,37377412
54,2020-04-03,206.4903,210.6000,39389087
55,2020-03-27,212.1281,216.3500,73566507
56,2020-03-20,188.1552,191.9000,67213350
57,2020-03-13,226.8691,232.1100,58149390
58,2020-03-06,253.0053,258.8500,38569210
59,2020-02-28,248.8122,254.5600,52552817
60,2020-02-21,283.1978,289.7400,10612110
61,2020-02-14,287.0929,294.5400,12094690
62,2020-02-07,283.8276,291.1900,16108345
63,2020-01-31,275.2793,282.4200,17529417
64,2020-01-24,282.4727,289.8000,12025333
65,2020-01-17,285.8550,293.2700,10514067
66,2020-01-10,280.8196,288.2400,10966493
67,2020-01-03,278.9490,286.3200,11055550
68,2019-12-27,278.9587,286.3300,6037506
69,2019-12-20,277.1369,284.4600,10852993
70,2019-12-13,274.0132,282.1100,11006703
71,2019-12-06,272.6436,280.7000,12441208
72,2019-11-29,272.8865,280.9500,5690659
73,2019-11-22,270.8564,278.8600,8976176
74,2019-11-15,271.9054,279.9400,9964150
75,2019-11-08,268.6249,277.0700,9388300
76,2019-11-01,265.0086,273.3400,12832696
77,2019-10-25,261.3826,269.6000,9283728
78,2019-10-18,259.4823,267.6400,10917099
79,2019-10-11,259.8186,268.1600,14584424
80,2019-10-04,257.3964,265.6600,21627632
81,2019-09-27,259.6539,267.9900,14623141
82,2019-09-20,260.8747,269.2500,16234010
83,2019-09-13,263.4873,272.6000,12223728
84,2019-09-06,259.3504,268.3200,11130432
85,2019-08-30,255.3005,264.1300,15139177
86,2019-08-23,247.7225,256.2900,14803118
87,2019-08-16,250.2260,258.8800,20170138
88,2019-08-09,254.3822,263.1800,24098770
89,2019-08-02,255.9577,264.8100,20996323
90,2019-07-26,262.7721,271.8600,9781738
91,2019-07-19,262.3758,271.4500,10444298
92,2019-07-12,264.0336,273.3900,9458911
93,2019-07-05,260.0546,269.2700,10172191
94,2019-06-28,256.7517,265.8500,15203640
95,2019-06-21,257.9589,267.1000,19306595
96,2019-06-14,251.9592,261.5100,12157143
97,2019-06-07,250.7452,260.2500,17989158
98,2019-05-31,239.1546,248.2200,18117874
99,2019-05-24,246.7661,256.1200,14808452
100,2019-05-17,248.0379,257.4400,22328854
101,2019-05-10,249.8027,259.9200,26787361
102,2019-05-03,254.6561,264.9700,12505928
103,2019-04-26,255.0117,265.3400,11120363
104,2019-04-18,255.2231,265.5600,11069046
105,2019-04-12,253.6402,264.0700,17123028
106,2019-04-05,253.7267,264.1600,19147047
107,2019-03-29,248.8953,259.1300,18117564
108,2019-03-22,244.8900,254.9600,21956637
109,2019-03-15,248.1365,258.3400,24947931
110,2019-03-08,244.1353,254.7100,19753543
111,2019-03-01,249.6082,260.4200,15892333
112,2019-02-22,249.3686,260.1700,12334148
113,2019-02-15,247.9117,258.6500,17238498
114,2019-02-08,240.2377,251.3200,14407578
115,2019-02-01,239.4347,250.4800,21300416
116,2019-01-25,236.4810,247.3900,16499816
117,2019-01-18,236.1560,247.0500,19491089
118,2019-01-11,229.1409,239.8800,19918911
119,2019-01-04,223.7916,234.2800,25093044
120,2018-12-28,220.1617,230.4800,32004238
121,2018-12-21,214.0578,224.0900,44087551
122,2018-12-14,229.9798,241.4200,26448765
123,2018-12-07,232.7329,244.3100,29093213
124,2018-11-30,243.4021,255.5100,17962812
125,2018-11-23,231.3040,242.8100,17776369
126,2018-11-16,242.0113,254.0500,29897704
127,2018-11-09,247.1805,260.0900,17899284
128,2018-11-02,239.9292,252.4600,28042141
129,2018-10-26,234.2935,246.5300,31450798
130,2018-10-19,241.6969,254.3200,34736064
131,2018-10-12,240.5807,253.3000,46992187
132,2018-10-05,251.0473,264.3200,32410336
133,2018-09-28,251.1233,264.4000,14693970
134,2018-09-21,253.7067,267.1200,18664969
135,2018-09-14,248.2321,261.8900,15841929
136,2018-09-07,246.0047,259.5400,13902637
137,2018-08-31,246.2985,259.8500,16208009
138,2018-08-24,244.4028,257.8500,16516185
139,2018-08-17,243.1327,256.5100,24133184
140,2018-08-10,239.5871,253.3000,13051856
141,2018-08-03,240.6181,254.3900,17988500
142,2018-07-27,240.4951,254.2600,22002428
143,2018-07-20,236.8820,250.4400,12186410
144,2018-07-13,236.3549,250.2000,17757476
145,2018-07-06,231.0648,244.6000,15685124
146,2018-06-29,229.2983,242.7300,29006749
147,2018-06-22,232.0945,245.6900,22627954
148,2018-06-15,236.8650,250.7400,25898033
149,2018-06-08,238.8964,253.2700,18719214
150,2018-06-01,232.3786,246.3600,19548542
151,2018-05-25,233.3313,247.3700,17534020
152,2018-05-18,232.9823,247.0000,15543633
153,2018-05-11,233.7749,248.5400,16752785
154,2018-05-04,228.1125,242.5200,20380137
155,2018-04-27,228.5170,242.9500,21899789
156,2018-04-20,229.9561,244.4800,18604289
157,2018-04-13,228.9859,243.5800,25733611
158,2018-04-06,224.8025,239.1300,37301252
159,2018-03-29,226.9365,241.4000,27726688
160,2018-03-23,221.0422,235.1300,28387669
161,2018-03-16,234.1752,249.1000,26336096
162,2018-03-09,237.9343,253.5600,24412760
163,2018-03-02,230.2303,245.3500,33177573
164,2018-02-23,237.3244,252.9100,26041288
165,2018-02-16,236.4329,251.9600,34966880
166,2018-02-09,226.5351,242.0300,88725657
167,2018-02-02,238.6093,254.9300,34053618
168,2018-01-26,248.8863,265.9100,23730103
169,2018-01-19,243.8601,260.5400,23165003
170,2018-01-12,241.2654,257.9100,17675251
171,2018-01-05,236.4104,252.7200,18265538
172,2017-12-29,231.4150,247.3800,10782128
173,2017-12-22,231.4337,247.4000,12754305
174,2017-12-15,230.3579,246.2500,19464954
175,2017-12-08,227.3800,243.6200,20890214
176,2017-12-01,226.2880,242.4500,26909285
177,2017-11-24,219.7733,235.4700,9102774
178,2017-11-17,217.8319,233.3900,14259202
179,2017-11-10,218.2772,234.4300,13196972
180,2017-11-03,218.9755,235.1800,12154132
181,2017-10-27,218.0351,234.1700,14964568
182,2017-10-20,217.0668,233.1300,12512995
183,2017-10-13,212.8031,228.7300,6899590
184,2017-10-06,211.7053,227.5500,11217066
185,2017-09-29,208.2350,223.8200,10419328
186,2017-09-22,207.6582,223.2000,9879723
187,2017-09-15,206.9604,222.4500,11084900
188,2017-09-08,202.6266,218.2400,9862558
189,2017-09-01,204.1864,219.9200,9565708
190,2017-08-25,202.4409,218.0400,13858177
191,2017-08-18,201.0390,216.5300,14921104
192,2017-08-11,202.5590,218.7000,21859602
193,2017-08-04,204.2910,220.5700,11509377
194,2017-07-28,201.9292,218.0200,10932148
195,2017-07-21,199.6230,215.5300,9920196
196,2017-07-14,200.0803,216.2600,8820518
197,2017-07-07,198.0356,214.0500,7559554
198,2017-06-30,197.2862,213.2400,15204992
199,2017-06-23,197.7488,213.7400,10038766
200,2017-06-16,197.5823,213.5600,16476067
201,2017-06-09,196.3965,212.6700,11865336
202,2017-06-02,195.6946,211.9100,6786082
203,2017-05-26,194.4295,210.5400,12537316
204,2017-05-19,191.8714,207.7700,20829186
205,2017-05-12,192.4534,209.0100,9944662
206,2017-05-05,193.1532,209.7700,9388942
207,2017-04-28,192.5178,209.0800,13454817
208,2017-04-21,188.9912,205.2500,15273780
209,2017-04-13,188.0140,204.3700,11693538
210,2017-04-07,189.8631,206.3800,16897293
211,2017-03-31,189.8263,206.3400,17450300
212,2017-03-24,189.2835,205.7500,21292142
213,2017-03-17,192.1446,208.8600,18323402
214,2017-03-10,192.0361,209.1500,15872880
215,2017-03-03,192.7340,209.9100,20027574
216,2017-02-24,190.9160,207.9300,12214888
217,2017-02-17,189.0337,205.8800,20207351
218,2017-02-10,185.6452,202.7400,14036556
219,2017-02-03,183.4842,200.3800,20520954
220,2017-01-27,183.7131,200.6300,20912469
221,2017-01-20,181.2683,197.9600,18014674
222,2017-01-13,181.7687,198.7000,17876664
223,2017-01-06,182.5096,199.5100,19940070
224,2016-12-30,180.6801,197.5100,13454900
225,2016-12-23,182.0888,199.0500,11940519
226,2016-12-16,181.3021,198.1900,27104939
227,2016-12-09,180.4510,197.6900,24260663
228,2016-12-02,175.0198,191.7400,21296600
229,2016-11-25,174.6182,191.3000,9768327
230,2016-11-18,172.0258,188.4600,20575906
231,2016-11-11,171.5498,188.4700,28955634
232,2016-11-04,162.6660,178.7100,14895030
233,2016-10-28,165.0781,181.3600,16385868
234,2016-10-21,164.9507,181.2200,12993525
235,2016-10-14,164.8503,181.2900,13907269
236,2016-10-07,165.6960,182.2200,11512943
237,2016-09-30,166.2052,182.7800,20729474
238,2016-09-23,165.8779,182.4200,12819667
239,2016-09-16,164.5593,180.9700,24354655
240,2016-09-09,164.1833,180.9100,14428381
241,2016-09-02,167.7681,184.8600,11629569
242,2016-08-26,166.8243,183.8200,12122252
243,2016-08-19,168.1856,185.3200,11068155
244,2016-08-12,168.1167,185.9000,10302438
245,2016-08-05,167.5379,185.2600,18000133
246,2016-07-29,166.5160,184.1300,18321345
247,2016-07-22,167.7640,185.5100,12256706
248,2016-07-15,167.1942,184.8800,15069093
249,2016-07-08,163.8373,181.3000,16149106
250,2016-07-01,162.0390,179.3100,27978163
251,2016-06-24,156.8970,173.6200,22106268
252,2016-06-17,159.5177,176.5200,19546610
253,2016-06-10,161.1725,178.7100,12274447
254,2016-06-03,160.5862,178.0600,11209739
255,2016-05-27,160.9831,178.5000,11154321
256,2016-05-20,157.6101,174.7600,17683336
257,2016-05-13,157.7075,175.4800,13357847
258,2016-05-06,159.3791,177.3400,15271969
259,2016-04-29,159.6038,177.5900,17342560
260,2016-04-22,161.6798,179.9000,13365490
261,2016-04-15,160.5834,178.6800,19716002
262,2016-04-08,157.7545,175.6600,19662530
263,2016-04-01,159.6045,177.7200,19731588
264,2016-03-24,157.1079,174.9400,17009124
265,2016-03-18,157.7814,175.6900,17827679
266,2016-03-11,154.3448,172.2300,18192572
267,2016-03-04,152.3643,170.0200,16998597
268,2016-02-26,149.0127,166.2800,26572227
269,2016-02-19,146.7006,163.7000,20883558
270,2016-02-12,142.8323,159.9800,54912109
271,2016-02-05,144.5823,161.9400,49135869
272,2016-01-29,146.7518,164.3700,36645778
273,2016-01-22,143.5555,160.7900,50842795
274,2016-01-15,142.5645,159.6800,73692029
275,2016-01-08,145.6646,163.2400,60390370
276,2015-12-31,155.2572,173.9900,17761413
277,2015-12-24,156.3547,175.2200,20692153
278,2015-12-18,152.5891,171.0000,51098100
279,2015-12-11,153.7664,172.7300,36591304
280,2015-12-04,158.8317,178.4200,30322168
281,2015-11-27,158.3688,177.9000,12072512
282,2015-11-20,158.5112,178.0600,31066892
283,2015-11-13,153.1664,172.6100,29835798
284,2015-11-06,158.9609,179.1400,27984629
285,2015-10-30,156.6094,176.4900,27094837
286,2015-10-23,156.5029,176.3700,30998136
287,2015-10-16,152.5187,171.8800,32160099
288,2015-10-09,151.4547,170.7600,35002244
289,2015-10-02,145.9734,164.5800,46280989
290,2015-09-25,144.4656,162.8800,40223453
291,2015-09-18,145.0510,163.5400,41293753
292,2015-09-11,145.5127,164.3900,29216680
293,2015-09-04,142.4855,160.9700,45565996
294,2015-08-28,147.1768,166.2700,97674320
295,2015-08-21,145.5835,164.4700,50260859
296,2015-08-14,154.2730,174.8700,30165694
297,2015-08-07,153.3290,173.8000,24684183
298,2015-07-31,155.9139,176.7300,23314800
299,2015-07-24,154.8641,175.5400,21359729
300,2015-07-17,159.2752,180.5400,15296250
301,2015-07-10,156.3649,177.4100,27467607
302,2015-07-02,156.0740,177.0800,26182126
303,2015-06-26,157.8808,179.1300,19952241
304,2015-06-19,158.4097,179.7300,22937313
305,2015-06-12,157.4601,179.1300,22865374
306,2015-06-05,156.9063,178.5000,27478387
307,2015-05-29,158.3215,180.1100,17702347
308,2015-05-22,160.2114,182.2600,15819122
309,2015-05-15,160.4048,182.4800,21791321
310,2015-05-08,159.4991,181.8500,25779692
311,2015-05-01,157.7887,179.9000,28523002
312,2015-04-24,158.3501,180.5400,23430616
313,2015-04-17,156.0696,177.9400,25104689
314,2015-04-10,158.0957,180.3700,24982328
315,2015-04-02,155.4311,177.3300,20697223
316,2015-03-27,154.9753,176.8100,27337007
317,2015-03-20,158.6129,180.9600,34465801
318,2015-03-13,155.3656,177.5600,26357818
319,2015-03-06,156.1006,178.4000,19567197
320,2015-02-27,158.5418,181.1900,15997342
321,2015-02-20,158.4981,181.1400,17153871
322,2015-02-13,157.3723,180.3400,20211266
323,2015-02-06,155.4088,178.0900,36166687
324,2015-01-30,149.6145,171.4500,45722324
325,2015-01-23,153.9428,176.4100,27843827
326,2015-01-16,152.4244,174.6700,43325048
327,2015-01-09,154.5185,177.2200,36191867
328,2015-01-02,155.1462,177.9400,14995772
329,2014-12-26,157.1080,180.1900,17649222
330,2014-12-19,154.8934,177.6500,55238442
331,2014-12-12,150.5142,173.0000,40287074
332,2014-12-05,156.1780,179.5100,30659245
333,2014-11-28,154.9513,178.1000,14962245
334,2014-11-21,154.6033,177.7000,20065750
335,2014-11-14,153.0426,176.3500,19000574
336,2014-11-07,152.3744,175.5800,28348922
337,2014-10-31,150.5259,173.4500,33105969
338,2014-10-24,145.5706,167.7400,34961598
339,2014-10-17,141.8475,163.4500,83390569
340,2014-10-10,143.2500,165.2100,47449396
341,2014-10-03,147.1605,169.7200,36380057
342,2014-09-26,148.0103,170.7000,31212555
343,2014-09-19,149.5277,172.4500,35382775
344,2014-09-12,146.9649,169.9000,20021052
345,2014-09-05,148.1327,171.2500,13471334
346,2014-08-29,147.8127,170.8800,17396635
347,2014-08-22,146.9390,169.8700,16948014
348,2014-08-15,143.8942,166.3500,21665033
349,2014-08-08,142.7665,165.3400,28087242
350,2014-08-01,142.1017,164.5700,29218570
351,2014-07-25,146.0650,169.1600,18240978
352,2014-07-18,147.2911,170.5800,24275990
353,2014-07-11,145.9435,169.2000,19691337
354,2014-07-03,147.0390,170.4700,15407456
355,2014-06-27,145.0551,168.1700,18394511
356,2014-06-20,145.8400,169.0800,19095236
357,2014-06-13,144.3025,167.6200,16727077
358,2014-06-06,145.5594,169.0800,20382428
359,2014-05-30,143.7085,166.9300,11778355
360,2014-05-23,142.7615,165.8300,19060652
361,2014-05-16,141.7112,164.6100,24295529
362,2014-05-09,142.3030,165.7200,25147917
363,2014-05-02,141.4700,164.7500,27710618
364,2014-04-25,140.2679,163.3500,19800951
365,2014-04-17,140.6113,163.7500,26427472
366,2014-04-11,137.2973,160.0200,41623475
367,2014-04-04,140.6092,163.8800,31052247
368,2014-03-28,139.7255,162.8500,30715357
369,2014-03-21,139.5367,162.6300,35919693
370,2014-03-14,137.5990,160.6500,32583232
371,2014-03-07,140.7595,164.3400,34109181
372,2014-02-28,139.6289,163.0200,33133312
373,2014-02-21,137.7360,160.8100,25520374
374,2014-02-14,138.0311,161.5900,28760473
375,2014-02-07,134.7765,157.7800,64629315
376,2014-01-31,133.8967,156.7500,55456186
377,2014-01-24,135.3745,158.4800,39539478
378,2014-01-17,140.1580,164.0800,38992497
379,2014-01-10,140.1296,164.1800,38017695
380,2014-01-03,140.3088,164.3900,25135950
381,2013-12-27,140.3771,164.4700,18603642
382,2013-12-20,138.2775,162.0100,44419991
383,2013-12-13,134.2292,157.6500,31895097
384,2013-12-06,136.3663,160.1600,33638014
385,2013-11-29,136.8431,160.7200,19516229
386,2013-11-22,136.5707,160.4000,27707952
387,2013-11-15,135.6341,159.3000,26382483
388,2013-11-08,133.8428,157.4900,34703422
389,2013-11-01,132.4576,155.8600,30905416
390,2013-10-25,132.1091,155.4500,26267536
391,2013-10-18,130.5369,153.6000,40888020
392,2013-10-11,129.1785,152.1700,48484923
393,2013-10-04,127.7014,150.4300,44750409
394,2013-09-27,129.2125,152.2100,33081877
395,2013-09-20,130.9867,154.3000,37687317
396,2013-09-13,130.2125,153.6900,29747545
397,2013-09-06,126.3152,149.0900,25030328
398,2013-08-30,125.2646,147.8500,33066108
399,2013-08-23,126.9421,149.8300,31347129
400,2013-08-16,127.5098,150.5000,31880508
401,2013-08-09,130.2367,154.1100,20625311
402,2013-08-02,132.0029,156.2000,27082304
403,2013-07-26,131.1240,155.1600,19794994
404,2013-07-19,131.0902,155.1200,24493174
405,2013-07-12,130.1145,154.1700,28361304
406,2013-07-05,127.4560,151.0200,17897389
407,2013-06-28,125.3714,148.5500,41319178
408,2013-06-21,124.6794,147.7300,45925469
409,2013-06-14,126.8912,150.6600,29675868
410,2013-06-07,128.2893,152.3200,51474082
411,2013-05-31,127.2618,151.1000,32910594
412,2013-05-24,128.6684,152.7700,37997207
413,2013-05-17,128.9800,153.1400,28862472
414,2013-05-10,126.8562,151.0400,20662266
415,2013-05-03,125.4452,149.3600,29840134
416,2013-04-26,123.3623,146.8800,34512506
417,2013-04-19,121.9009,145.1400,46209806
418,2013-04-12,124.5345,148.4200,32987189
419,2013-04-05,121.9250,145.3100,36783486
420,2013-03-28,121.9334,145.3200,22954566
421,2013-03-22,121.5810,144.9000,31835193
422,2013-03-15,121.5139,144.8200,30056605
423,2013-03-08,120.3733,143.7600,25431403
424,2013-03-01,117.8446,140.7400,44562988
425,2013-02-22,117.0659,139.8100,21591473
426,2013-02-15,116.7645,139.4500,18587984
427,2013-02-08,116.6999,139.7300,25659402
428,2013-02-01,116.7083,139.7400,21772635
429,2013-01-25,115.7728,138.6200,21605146
430,2013-01-18,113.6598,136.0900,21609162
431,2013-01-11,112.3958,134.7200,24798730
432,2013-01-04,111.8452,134.0600,35126201
433,2012-12-28,107.6820,129.0700,22858186
434,2012-12-21,109.9513,131.7900,33523392
435,2012-12-14,109.3336,131.4600,23927552
436,2012-12-07,109.4168,131.5600,28397062
437,2012-11-30,108.2025,130.1000,28016513
438,2012-11-23,108.0279,129.8900,24506833
439,2012-11-16,104.4599,125.6000,35642633
440,2012-11-09,106.1167,127.9200,40762639
441,2012-11-02,108.3980,130.6700,12887631
442,2012-10-26,108.4975,130.7900,31143785
443,2012-10-19,110.4221,133.1100,28651374
444,2012-10-12,110.2835,133.1300,25511791
445,2012-10-05,112.6278,135.9600,22913533
446,2012-09-28,111.0456,134.0500,23985088
447,2012-09-21,112.2219,135.4700,21328085
448,2012-09-14,112.3118,135.8600,19244058
449,2012-09-07,109.8979,132.9400,17322290
450,2012-08-31,108.1950,130.8800,16802318
451,2012-08-24,108.6083,131.3800,19216100
452,2012-08-17,109.4680,132.4200,19334667
453,2012-08-10,108.7761,131.9300,18924689
454,2012-08-03,107.7867,130.7300,33471877
455,2012-07-27,107.6300,130.5400,31130379
456,2012-07-20,105.5688,128.0400,19697058
457,2012-07-13,105.0502,127.6200,26422352
458,2012-07-06,105.0090,127.5700,17531645
459,2012-06-29,105.7334,128.4500,29494433
460,2012-06-22,103.9060,126.2300,30650372
461,2012-06-15,104.8197,127.3400,31272652
462,2012-06-08,103.0695,125.4300,32344391
463,2012-06-01,99.4375,121.0100,33230016
464,2012-05-25,102.1081,124.2600,36599135
465,2012-05-18,101.3275,123.3100,38656230
466,2012-05-11,104.9671,128.1800,33103250
467,2012-05-04,106.5312,130.0900,23844288
468,2012-04-27,108.0953,132.0000,25013910
469,2012-04-20,106.4411,129.9800,33494650
470,2012-04-13,105.0269,128.4000,39865426
471,2012-04-05,106.6547,130.3900,29343331
472,2012-03-30,107.8080,131.8000,24765279
473,2012-03-23,106.8264,130.6000,26220731
474,2012-03-16,108.0125,132.0500,29775853
475,2012-03-09,105.4369,129.1500,36094257
476,2012-03-02,105.7634,129.5500,28925049
477,2012-02-24,105.8206,129.6200,29334781
478,2012-02-17,105.5022,129.2300,34290964
479,2012-02-10,104.1085,127.8500,26241159
480,2012-02-03,104.5319,128.3700,34920872
481,2012-01-27,102.9685,126.4500,31639039
482,2012-01-20,103.3838,126.9600,26912071
483,2012-01-13,100.9713,124.1600,28022893
484,2012-01-06,100.4590,123.5300,30964965
485,2011-12-30,99.0927,121.8500,17617056
486,2011-12-23,99.7271,122.6300,28999906
487,2011-12-16,96.1407,118.2200,37123757
488,2011-12-09,98.7389,121.7800,40960619
489,2011-12-02,97.3443,120.0600,34560621
490,2011-11-25,90.9228,112.1400,38684843
491,2011-11-18,95.4552,117.7300,40273514
492,2011-11-11,98.2982,121.5300,45389797
493,2011-11-04,96.7372,119.6000,55128197
494,2011-10-28,98.7107,122.0400,47361174
495,2011-10-21,95.3217,117.8500,56306661
496,2011-10-14,93.9528,116.3400,33616210
497,2011-10-07,89.6566,111.0200,60117145
498,2011-09-30,87.9687,108.9300,59837589
499,2011-09-23,86.7735,107.4500,64515725
500,2011-09-16,92.7576,114.8600,57477044
501,2011-09-09,88.5259,109.8200,37795965
502,2011-09-02,90.5089,112.2800,43088545
503,2011-08-26,90.8474,112.7000,56437465
504,2011-08-19,86.9862,107.9100,67153019
505,2011-08-12,90.5764,112.8000,121541845
506,2011-08-05,91.7407,114.2500,87623312
507,2011-07-29,97.2652,121.1300,43401699
508,2011-07-22,101.6575,126.6000,28078008
509,2011-07-15,100.0194,124.5600,41131807
510,2011-07-08,101.3977,126.3900,25504072
511,2011-07-01,100.7479,125.5800,27730992
512,2011-06-24,95.6294,119.2000,30803040
513,2011-06-17,96.0627,119.7400,46378691
514,2011-06-10,95.5997,119.3700,26762263
515,2011-06-03,97.1614,121.3200,28543084
516,2011-05-27,99.4919,124.2300,24850259
517,2011-05-20,99.9884,124.8500,45946204
518,2011-05-13,100.5436,125.9600,30831529
519,2011-05-06,100.7910,126.2700,47734446
520,2011-04-29,102.2039,128.0400,39593161
521,2011-04-21,99.6097,124.7900,25761859
522,2011-04-15,98.3325,123.1900,24553592
523,2011-04-08,98.6099,123.6500,31663963
524,2011-04-01,98.4583,123.4600,22357931
525,2011-03-25,97.2621,121.9600,32104693
526,2011-03-18,94.3193,118.2700,57661639
527,2011-03-11,95.8508,120.4200,50409511
528,2011-03-04,96.6866,121.4700,41414053
529,2011-02-25,96.4239,121.1400,42195907
530,2011-02-18,98.3820,123.6000,25806146
531,2011-02-11,97.3894,122.6500,35088167
532,2011-02-04,95.8331,120.6900,32350093
533,2011-01-28,93.7130,118.0200,56475692
534,2011-01-21,94.0624,118.4600,34299142
535,2011-01-14,93.3376,117.6900,28469550
536,2011-01-07,92.4493,116.5700,42862197
537,2010-12-31,91.7038,115.6300,25822894
538,2010-12-23,91.5870,115.7300,18583255
539,2010-12-17,90.9697,114.9500,20441168
540,2010-12-10,90.2407,114.2900,33776896
541,2010-12-03,89.9644,113.9400,32105722
542,2010-11-26,87.3587,110.6400,20043565
543,2010-11-19,88.4405,112.0100,26181158
544,2010-11-12,88.2747,112.1600,34048556
545,2010-11-05,90.1478,114.5400,39295470
546,2010-10-29,87.6057,111.3100,30728564
547,2010-10-22,87.6450,111.3600,31591621
548,2010-10-15,87.1099,110.6800,34169426
549,2010-10-08,86.6278,110.1600,29365216
550,2010-10-01,85.1809,108.3200,35800122
551,2010-09-24,85.3775,108.5700,32106324
552,2010-09-17,83.4115,106.0700,26610477
553,2010-09-10,82.2490,104.7800,17864569
554,2010-09-03,82.0920,104.5800,33814068
555,2010-08-27,79.7371,101.5800,43449424
556,2010-08-20,80.1767,102.1400,35053547
557,2010-08-13,80.8227,103.3500,42665483
558,2010-08-06,83.4347,106.6900,30736869
559,2010-07-30,81.8784,104.7000,49722706
560,2010-07-23,81.5422,104.2700,51037164
561,2010-07-16,78.9927,101.0100,48394237
562,2010-07-09,79.7799,102.1100,39335216
563,2010-07-02,75.6858,96.8700,66685575
564,2010-06-25,79.4752,101.7200,59424148
565,2010-06-18,81.6394,104.4900,44630296
566,2010-06-11,79.7909,102.3100,77736415
567,2010-06-04,77.5526,99.4400,63789641
568,2010-05-28,79.1358,101.4700,97970540
569,2010-05-21,79.4244,101.8400,120399088
570,2010-05-14,82.7567,106.5100,78974101
571,2010-05-07,80.6355,103.7800,115402537
572,2010-04-30,85.5461,110.1000,64802721
573,2010-04-23,86.9912,111.9600,52285376
574,2010-04-16,85.6082,110.1800,40534665
575,2010-04-09,85.4442,110.0600,34310717
576,2010-04-01,84.8386,109.2800,29104477
577,2010-03-26,84.1787,108.4300,43384683
578,2010-03-19,83.3325,107.3400,40145159
579,2010-03-12,82.4595,106.4200,39593690
580,2010-03-05,81.9481,105.7600,30300973
581,2010-02-26,80.0419,103.3000,42764686
582,2010-02-19,80.5766,103.9900,27088715
583,2010-02-12,78.2696,101.2700,64914724
584,2010-02-05,77.4117,100.1600,70755598
585,2010-01-29,77.7131,100.5500,80752448
586,2010-01-22,78.5478,101.6300,69614560
587,2010-01-15,81.9330,106.0100,45387759
588,2010-01-08,82.0103,106.1100,33546202
589,2009-12-31,80.4336,104.0700,19905496
590,2009-12-24,81.1524,105.0000,21250433
591,2009-12-18,79.7148,103.1400,39749461
592,2009-12-11,80.7769,104.9200,44768406
593,2009-12-04,80.0609,103.9900,55496053
594,2009-11-27,79.4373,103.1800,39107118
595,2009-11-20,79.4912,103.2500,35367767
596,2009-11-13,78.9709,102.9100,55063855
597,2009-11-06,77.0218,100.3700,69849466
598,2009-10-30,74.4818,97.0600,90419498
599,2009-10-23,76.6074,99.8300,58607463
600,2009-10-16,76.7302,99.9900,33828128
601,2009-10-09,75.6613,98.6900,47395497
602,2009-10-02,72.7250,94.8600,61127354
603,2009-09-25,74.1664,96.7400,59136250
604,2009-09-18,75.2167,98.1100,40565741
605,2009-09-11,73.6362,96.2200,44780816
606,2009-09-04,72.2816,94.4500,54125771
607,2009-08-28,73.1464,95.5800,59377687
608,2009-08-21,72.7255,95.0300,46841660
609,2009-08-14,71.2393,93.4100,56998070
610,2009-08-07,71.5291,93.7900,55837225
611,2009-07-31,69.9123,91.6700,51571878
612,2009-07-24,69.3784,90.9700,66614650
613,2009-07-17,66.7015,87.4600,57081721
614,2009-07-10,62.0209,81.4400,72768673
615,2009-07-02,63.2013,82.9900,46589528
616,2009-06-26,64.1761,84.2700,69775593
617,2009-06-19,64.9681,85.3100,67587212
618,2009-06-12,67.0307,88.3100,105057604
619,2009-06-05,66.7271,87.9100,61573110
620,2009-05-29,64.8143,85.3900,60397531
621,2009-05-22,62.9016,82.8700,78799821
622,2009-05-15,62.8333,82.7800,85966497
623,2009-05-08,64.8720,85.7200,82407552
624,2009-05-01,62.1778,82.1600,81949464
625,2009-04-24,61.0956,80.7300,92285985
626,2009-04-17,61.5346,81.3100,85173525
627,2009-04-09,61.1161,80.8900,70147411
628,2009-04-03,60.5645,80.1600,130175233
629,2009-03-27,58.7890,77.8100,125744923
630,2009-03-20,54.9584,72.7400,129251418
631,2009-03-13,54.5084,72.3200,124751277
632,2009-03-06,50.1218,66.5000,170583106
633,2009-02-27,53.3326,70.7600,183788869
634,2009-02-20,55.5712,73.7300,149741791
635,2009-02-13,58.9121,78.5500,172330791
636,2009-02-06,62.1446,82.8600,144429541
637,2009-01-30,60.0596,80.0800,120352185
638,2009-01-23,60.3896,80.5200,156572069
639,2009-01-16,62.0171,82.6900,173149501
640,2009-01-09,64.4949,86.1400,144170225
